{
    "input_mean":[
        2090.200194200545,
        1.275257889552518,
        -4.7689916356913935,
        -6.372901223347028,
        -6.301715269806085,
        -3.4489816838714393,
        -5.469946315833203,
        -2.9974656201086827,
        -7.131393802074494,
        -7.781248148788367,
        -8.244051325176825,
        -6.470479632702925,
        -5.070143755441179,
        -3.274627947458938,
        -4.152297187361575,
        -7.478641439714459,
        -6.690650921232392,
        -8.340361421697285,
        -5.782379115736137,
        -7.933138401505289,
        -7.466007857169306,
        -0.3905868279826159
    ],
    "label_mean":[
        10375870.20911439,
        2.738725201628911e-13,
        12378.374836881672,
        23826.052250189634,
        20661.608441190037,
        -31887.887310918624,
        26890.149528811213,
        13593.015079463972,
        -26210.903004734606,
        -12022.351822274026,
        -13421.276925773289,
        -34977.26467371167,
        -61781.39318918429,
        15227.417036508738,
        26411.20821676824,
        -15904.782186109765,
        -40984.81947271349,
        -30606.192592663036,
        -28278.661050829178,
        -30578.15037417587,
        -53959.65831401213,
        4.885955831456223e-09
    ],
    "input_std":[
        589.5565432407928,
        0.43149392576580925,
        1.7051590801966683,
        1.3986989383789306,
        1.724682068905265,
        2.0588325315052813,
        1.8298028301656755,
        2.0003221857543063,
        1.1695418157419497,
        1.560503350119823,
        1.2460606585322083,
        2.215749329575821,
        2.939548237460191,
        2.17276213536869,
        2.1800237256760626,
        1.1300522417987338,
        1.808240830800187,
        1.1443068897975315,
        3.0523809135971547,
        1.5547043757492127,
        2.034038458106741,
        0.0950224480301308
    ],
    "label_std":[
        10571428.337737579,
        1.357247357709871e-10,
        20667.004209619787,
        58547.85623740917,
        75970.88364667965,
        34868.38350938083,
        73130.70059487958,
        15065.91548133071,
        71786.30603980763,
        91200.72255176789,
        81846.85012522053,
        75165.41197997783,
        67800.01353157657,
        18623.68505623304,
        28489.83584333369,
        86982.66436791143,
        74765.35736015589,
        81918.331083701,
        51421.93252484573,
        90877.15172978783,
        84240.9257207028,
        2.3775687378316827e-08
    ]
}