{
    "input_mean":[
        2090.200194200545,
        1.275257889552518,
        -4.7689916356913935,
        -6.372901223347028,
        -6.301715269806085,
        -3.4489816838714393,
        -5.469946315833203,
        -2.9974656201086827,
        -7.131393802074494,
        -7.781248148788367,
        -8.244051325176825,
        -6.470479632702925,
        -5.070143755441179,
        -3.274627947458938,
        -4.152297187361575,
        -7.478641439714459,
        -6.690650921232392,
        -8.340361421697285,
        -5.782379115736137,
        -7.933138401505289,
        -7.466007857169306,
        -0.3905868279826159
    ],
    "label_mean":[
        3315.7895534638537,
        4.44741915282112e-08,
        94.47417629172168,
        72.66701829911798,
        44.63029024927394,
        -195.45883988606693,
        75.48441750230894,
        108.71545764234108,
        -138.70754868312028,
        -59.07164941456164,
        -65.67539440683909,
        -125.58014002675777,
        -235.89032624390197,
        117.74583196991883,
        168.7216498934984,
        -93.83801989621486,
        -159.15185143428343,
        -152.8099743396709,
        -51.777599896858554,
        -150.25374521202187,
        -195.1357607796971,
        1.4483256073150357e-05
    ],
    "input_std":[
        589.5565432407928,
        0.43149392576580925,
        1.7051590801966683,
        1.3986989383789306,
        1.724682068905265,
        2.0588325315052813,
        1.8298028301656755,
        2.0003221857543063,
        1.1695418157419497,
        1.560503350119823,
        1.2460606585322083,
        2.215749329575821,
        2.939548237460191,
        2.17276213536869,
        2.1800237256760626,
        1.1300522417987338,
        1.808240830800187,
        1.1443068897975315,
        3.0523809135971547,
        1.5547043757492127,
        2.034038458106741,
        0.0950224480301308
    ],
    "label_std":[
        3657.467076942168,
        1.602608512718227e-05,
        161.3566641077253,
        269.42461090236765,
        307.81956148385797,
        212.7033510121802,
        299.5367542959475,
        142.90821468152737,
        306.55930721101663,
        345.5732446288077,
        322.0024650028036,
        320.4395486342804,
        271.72265408974437,
        165.46107929304327,
        195.5553456583316,
        329.94354404130104,
        315.00983432658643,
        327.7762298404373,
        243.04314115645224,
        346.3979879338709,
        331.3554682875196,
        0.00013895165447473144
    ]
}